{"cameraMode":{"drawMode":0,"name":"Shaded","section":"Shading Mode"},"sceneLighting":false,"audioPlay":false,"sceneViewState":{"showFog":true,"showMaterialUpdate":false,"showSkybox":true,"showFlares":true,"showImageEffects":true,"showParticleSystems":true},"in2DMode":false,"pivot":{"x":0.05264999717473984,"y":-0.38016998767852785,"z":0.01854744739830494},"rotation":{"x":0.0002148814091924578,"y":0.7000603079795837,"z":-0.714077889919281,"w":0.00021064675820525736},"size":1.4392788410186768,"orthographic":false}